{
    "@class": "Light",
    "id": {
        "uuid": "330B334A-0D02-4EB2-AFFE-098AE6B4BBDA"
    },
    "lightType": "spot",
    "color": {
        "values": [
            0.29411765933036806,
            0.7843137383460999,
            0.3963378369808197
        ]
    },
    "intensity": 3.0,
    "radius": 16.0,
    "coneAngle": 80.0,
    "prenumbra": 2.0,
    "shadowType": "no",
    "shadowSizeX": 16.0,
    "shadowSizeY": 16.0,
    "shadowResolutionX": 1024.0,
    "shadowResolutionY": 1024.0,
    "shadowDarkness": 1.0,
    "shadowBias": 0.5
}