{"@class":"AudioSource","id":{"uuid":"48AB8BD8-598C-4EA8-B7B6-170069E78EB7"},"volume":1.0,"volumeModulation":1.0,"pitch":1.0,"pitchModulation":1.0,"minDistance":2.352322816848755,"maxDistance":10.174894332885743,"rollof":1,"panOverride":true}