{"@class":"AudioSource","id":{"uuid":"87DC5860-4C09-4097-8448-9B7B66C45CB5"},"volume":1.0,"volumeModulation":1.0,"pitch":1.0,"pitchModulation":1.0,"minDistance":3.929657220840454,"maxDistance":11.52546501159668,"rollof":1,"panOverride":true}